Actual,Predicted
-0.29044601761973754,-0.29246338805303035
-0.14103985515066156,0.009777072771806259
-0.36592250905178064,-0.364227564023231
-0.3523445067876974,-0.35289293270755573
-0.16092387831971378,-0.14152978858144613
-0.08518102569931833,-0.03882635924613769
-0.3582365446408898,-0.3523702336414317
-0.1712317353918564,-0.13743669428986158
1.0687534073201748,1.3368745959447552
-0.3249253502421225,-0.32100789387630263
0.2703630231869461,0.4025068412034912
-0.3624726502869758,-0.3611768191514963
-0.34822393129559553,-0.34962446698174215
-0.304162014234413,-0.3059520897869787
0.13557784353875488,0.05501737386970698
-0.0030455045584657668,0.048575169656281905
-0.3345528630741361,-0.33641931689516946
-0.3289689056315682,-0.3295002587620032
0.016248031156889612,0.3422547637021704
-0.05697241310151829,0.011033518822013725
0.9878309527961564,0.3108339367965879
-0.34998255697291003,-0.35092998981347195
-0.3577744240249531,-0.3587772257615357
-0.31686712200172706,-0.3025350822354044
-0.3505922994522709,-0.3513810815785972
-0.3479832434747952,-0.3526820152958777
-0.34803138103895526,-0.34803138103895387
-0.3237700487022809,-0.29603845797083445
-0.1486134985785123,-0.1391720427805956
-0.3635124216728332,-0.3580441869345069
-0.04798994362924957,-0.20426592485197378
-0.35010129629783826,-0.34980487587497733
-0.23794398097582312,-0.29505669769840764
0.18428022178496803,0.2121680456552052
-0.3052467140134866,-0.30524063798316653
-0.13333784488505065,-0.13282865642860184
0.37916354570153254,0.44019516077741466
-0.34880158206551637,-0.35001138602522375
-0.07842893003313275,0.03131719074595929
-0.08390377566360449,-0.01804473845211289
0.22312081772025516,0.3945085923680404
-0.3559259415612065,-0.35251560908519614
-0.31770471561811225,-0.29598940044433686
-0.3637723645192976,-0.3636989921742812
-0.3528451374549621,-0.3528296799482493
-0.3019155945736099,-0.2976209750439781
-0.25117860194889785,-0.2503958209722363
-0.35987322182233206,-0.35751026646731526
-0.3631080661338887,-0.36285123618323994
-0.30451502303825356,-0.30417650898984355
-0.32928982272596874,-0.32813977352923895
1.7452017139231188,2.200547122814176
-0.3590709290863309,-0.3585792306115277
0.11321634040093118,0.35194756176842246
-0.3595330497022676,-0.35894092557138896
-0.3658230247525165,-0.36528904010190694
-0.3431662778878444,-0.33578152626175733
-0.2693168361244116,-0.269273490922195
-0.30451502303825356,-0.30428000475278755
1.8775607603376427,2.5186758434620375
-0.3528451374549621,-0.3528156665684606
-0.31620924195820616,-0.3126659749244577
-0.3367671910254993,-0.32253651827206065
-0.30350092501994813,-0.2993813015818935
0.7373872523260409,0.9881038927849439
-0.35955230472793165,-0.35947389398453217
-0.09161220427110343,0.04910172079726132
0.6259359546117068,0.2887083344662396
-0.3228072974190795,-0.292076811321116
-0.2805874444797556,-0.3077471074627981
0.6530694949432652,0.31229285265082335
0.05471957243361615,-0.10215055469768097
-0.31799354100307264,-0.31617192999736415
-0.33239630019976507,-0.3307817876923092
-0.2951859631040323,-0.31047154383294745
0.4088355402497986,0.3274492000658245
-0.340104728807264,-0.336191283905125
-0.06556015454767448,0.0356043703476191
-0.22755910380102432,-0.283057308016153
0.5948198331386385,0.2637364200110789
0.18925122757723112,0.7572489075736137
0.26167900661246984,0.11875578771222936
-0.3383717764975016,-0.33849618535776466
-0.1803072708215013,-0.1745863780547526
2.9451556582796377,3.159613844533746
-0.16703413979709847,-0.17633377163376335
0.5292757257782896,0.45780837512135075
-0.3565421023824554,-0.3533469020292931
-0.3467220392938014,-0.34735067309278556
-0.34004054538838396,-0.33959409622389153
-0.3104198975752219,-0.2944087981765229
-0.18659724587175022,-0.1951080420959057
-0.2244301621306199,-0.22273695754244585
-0.3509067982047834,-0.3520115018160744
-0.33747962697506834,-0.2948119877166905
-0.3346491382024563,-0.32182999789426503
-0.3563591796386471,-0.3552013321565225
-0.1763407355347117,-0.17753971389110107
-0.2576868006233391,0.021395899708494953
0.5610465181239346,0.25677891280083287
-0.25111441853001776,0.09915312218735099
0.34675412833803054,0.5525243828291109
-0.2712038286394863,-0.2737551730261518
-0.0073201202558798575,-0.041299084293293806
-0.357716658947961,-0.3582029232266336
-0.3015304940603293,-0.2699718600057928
-0.3323706268322131,-0.33269213227461997
-0.13265750064492168,-0.09673665657205391
-0.31468809493074795,-0.3155288442318946
-0.35026496401598245,-0.3439687524768656
0.018558634236572884,-0.03230467349594241
-0.2613195821319522,-0.11019703202380304
0.6227588753771423,0.5821727043930447
-0.24050169021819473,-0.14177573409397665
-0.14510908390765934,0.005332111071513461
-0.3256955512686836,-0.3247442995146978
-0.35061155447793496,-0.3316834577552098
-0.17254107713701028,-0.25512660962210376
1.7103629541550054,1.41023456425857
-0.34651665235338514,-0.34690414904763744
-0.36380124705779365,-0.36321478176501304
-0.3522674866850413,-0.3518930834082407
-0.3601620472072925,-0.3598196286675679
-0.3272359533218058,-0.327105767953843
-0.3650143136746274,-0.30144215628147736
-0.3641029091265301,-0.35901519648427027
-0.31419067343442725,-0.1929890372188159
-0.22252712376082523,-0.3102765171660622
0.01816069703951629,-0.11480470083040409
0.3465006038334542,0.5953314787503068
-0.3560543083989667,-0.353598073141845
-0.03234523527722737,-0.01860472059653973
-0.2689574089786831,-0.2681677389817286
-0.3064661989722083,-0.2587639267589848
1.4693863079697034,1.4412226879485388
-0.3308783623432509,-0.33732986566434825
-0.3049386336028621,-0.27105652769315663
-0.3500980871268942,-0.30994505259649197
-0.36420560259673823,-0.36408948944336644
-0.26610124683851905,-0.2683119377294789
-0.3634354015701771,-0.3621798134383349
-0.04902650584416302,0.20574111495602615
-0.28338584154292756,-0.2775453215806234
0.5939004056631813,0.5257088980811944
-0.06039338932782715,0.1546172664015271
-0.3489459947579966,-0.3487959125301822
-0.1960963918660037,-0.20939183732570432
-0.35932766276185135,-0.35767504669805356
-0.3479800343038512,-0.3432725335377995
-0.2277516540576646,-0.19229335314157467
-0.13780501083910499,-0.17841550733895645
0.14297177339374137,0.16533952371766977
-0.3540389490461318,-0.3535850225133386
-0.3587756853594825,-0.35818793639832286
-0.22126912875077545,-0.07761218533064725
0.08171190924363846,0.01944614650699205
-0.36532560325619584,-0.36491827923412795
-0.2967167376443225,-0.24144024435247818
0.017531699534491404,0.020694658416902333
4.2523023305077965,4.911368178738399
1.6837027665376876,2.1320581625260027
-0.35683092776741576,-0.35714308917375764
-0.36105740590066976,-0.36115634464087276
-0.33283916579003775,-0.3308650870727798
-0.23572644385351596,-0.20008411837826004
-0.01730224647720603,-0.02092546893530072
-0.350630809503599,-0.3504607769297492
-0.29917175341648594,-0.3027520114939825
-0.16035906423356902,-0.2811037465984633
0.7984288928519515,0.760118681947198
0.3299765826427748,0.3554684876237821
-0.037666040702386924,0.05003640788055735
-0.3376336671803805,-0.3375533309344158
-0.21247600036420294,-0.15450735496190637
-0.20906144247978212,-0.21004071029610893
-0.15721407670844453,-0.01530414176681344
0.07529677652657336,0.10805433545131761
-0.04536805096799783,-0.12466217215502869
0.5232585302582811,0.23699733706554932
-0.10988522362626536,-0.17853365831587806
-0.30862276184657933,-0.24473783865322707
-0.20467771497027187,0.07554718813533408
-0.06131442138875648,0.09878388567577012
-0.3486475418602042,-0.3496596287980513
-0.3616639392090866,-0.3611726793209781
-0.23269377731143162,-0.19031225703718527
-0.28063879121485963,-0.266639307136227
-0.03093320006186533,-0.29747794229500335
0.12405050150789057,0.14014622674438323
10.863207311840952,7.686339529549943
-0.3637434819808016,-0.3637305008843327
0.3975232126721826,1.6999651921588683
-0.3551557405346454,-0.3547127679720082
0.507036171136338,0.5499958021616737
-0.3423575668099552,-0.3389615365391183
4.130302487900519,0.28995404904881067
-0.3583328197692099,-0.358456961198561
-0.31125428202066313,-0.31206422328074773
-0.36213568733785534,-0.3549144215768929
-0.3267866693896452,-0.32578979392207263
-0.3596566027836118,-0.3582975402832989
-0.29670069178960246,-0.10546587431927681
-0.12200305311082656,-0.0024208180397423304
-0.1395957282258595,-0.0019182083837288506
-0.29889255554435756,-0.3118348424389066
-0.20836826155587712,-0.22331124189204654
-0.3592955710524113,-0.3608696266114994
-0.14288512844346418,-0.03433015029504009
-0.20840035326531714,-0.11713958663689716
-0.3593918461807314,-0.3592968333263164
-0.2798204526241385,-0.2605621536057486
-0.340104728807264,-0.3382933122679202
-0.09951318313524266,-0.309361566484072
-0.16920033018430156,-0.29005706610132415
-0.21969663498821318,-0.22189315204083637
-0.3191488425429143,-0.3178452345165143
0.10672418758120998,0.3805851442463068
-0.36352525835660926,-0.3634814906135517
-0.20838430741059713,-0.15307837532396
0.1304399608574036,0.1905104367236214
-0.3271236323387656,-0.33149307903757586
-0.3369116037179795,-0.3407132411044298
-0.29552934439504075,-0.29654124947986754
1.0494983816561476,0.7375121586078008
-0.07533208007216835,-0.0035726322804914856
-0.29247421365634846,-0.3297817351455027
-0.36570749459853236,-0.3651348287408103
-0.054905707013579386,-0.03740117712714163
-0.32094597827155685,-0.3216091534471351
-0.3192772093806745,-0.33316810581179773
-0.29508006046288016,-0.28322049435865615
0.11399937811126828,0.06374105472732762
0.8455234764552183,0.00491649134255542
-0.013600467793296748,-0.12444675762513616
-0.3332371029870943,-0.33264977121815914
-0.36211964148313525,-0.3321901109666126
-0.3025895204718508,-0.3043663742401268
-0.11381324886172696,-0.03380230585817023
-0.3024451077793706,-0.27317954403392636
-0.36567540288909234,-0.3656664706966325
2.303802845120327,0.1697155171252049
-0.31799354100307264,-0.31388461480149743
-0.24819407297097362,-0.24804709294173877
-0.1957241280364992,-0.20009551093511174
1.9650267144164868,1.9724006083475434
-0.34803138103895526,-0.3480292415916579
3.413964186463598,3.2616014255010453
-0.06103522351662807,-0.060780147912762116
-0.1763728272441517,-0.24004390198303213
0.11250069528041821,0.16872002160113778
0.1847551790846807,0.12351861351563119
-0.28564509788750675,-0.28559626500297647
-0.354886170175349,-0.3555012184840038
-0.20838430741059713,-0.19857500574184214
-0.29504796875344014,-0.2400954412683931
-0.25852439423972423,-0.25942651893517565
0.43343383553559356,0.17825038213143973
-0.23886982679316843,-0.21172316630106722
-0.3270915406293256,-0.3259447433924857
-0.2244462079853399,-0.17643353406117565
-0.2495226697417915,-0.2582291933018215
-0.33850014333526174,-0.3363508010955147
-0.2005860220166661,-0.200070415218329
-0.35596445161253454,-0.35669668814682853
-0.35398760231102777,-0.3538153768036987
0.4398200857141626,0.630436645704889
-0.3571133348104881,-0.356976142752631
0.015243560651416178,0.19397248178022455
-0.22299887188959386,-0.05892109978854422
0.11636132792605561,0.010390481194108786
-0.3621517331925753,-0.3605479821050187
-0.3561666293820068,-0.3333842434748771
-0.3637723645192976,-0.3636747736308905
-0.3535190633532031,-0.35400712476760315
0.30371272763704155,0.4485877054706253
0.3190268913818312,0.3024416392095398
-0.31009898048082146,-0.31209983438098915
-0.19734636394869348,0.06607819765071778
0.5334195677597354,0.7900056754377193
1.8838828270973318,0.7777562266206454
-0.32995733028232166,-0.3282878125848855
-0.2664157455910315,-0.2749317941582989
-0.3390970491308466,-0.3407093366131144
6.304502965779828,4.060249270721873
-0.12382586220702117,0.002042454120233281
-0.3500595770755662,-0.3494794017578369
-0.3521904665823852,-0.3521833208284167
-0.3633840548350731,-0.35937018427685885
-0.350630809503599,-0.3509889529809483
0.06917688753635674,0.10659572446832151
-0.32918712925576055,-0.323855155915716
-0.3173773801818238,-0.2699917033794628
-0.3561505835272868,-0.35889164340292584
-0.34132421376598576,-0.3045651823801086
-0.3471969965935141,-0.33484361396166284
-0.22768747063878456,-0.3213237725723219
-0.35904525571877893,-0.35851444814740385
-0.35619551192050286,-0.35548018771708484
-0.018462361773463647,0.019206357254056037
-0.22037056088645418,-0.09085070009780066
-0.356311042074487,-0.35663586366020217
0.051157392685771144,0.07800371221784119
-0.18372182870592216,-0.0029713620124227885
-0.3630631377406726,-0.36366178183718567
-0.20840035326531714,-0.2829027222517807
-0.34456547641943036,-0.3450689739460722
0.02780746489719398,0.13711755775957143
-0.3618564894657269,-0.3610544695092554
-0.30794883594833844,-0.30854691843993515
0.07394250638820346,0.04022262406971714
-0.3131797845870658,-0.31045760533381406
-0.30490012355153406,-0.3065694273042401
0.7324322923884978,2.4421075225428126
0.21190476527095925,0.28244226773952386
-0.009528029865354998,0.005800468176317965
4.12394832943139,6.5112992884968435
-0.3550915571157653,-0.35575749217835473
-0.35830072805976987,-0.3588241973269196
-0.32004741040723556,-0.3210617223702708
0.04697905211667724,0.19507867230738618
0.5046774304924946,0.7656645304848052
-0.02714637834793998,0.17304794162793186
0.593764015898061,0.7374914755010661
-0.0844541484805013,0.09573074462306322
-0.2723591301793279,-0.27040431718496966
-0.2906995421243139,-0.29020623906403803
-0.35958439643737167,-0.3612528872001056
-0.07701689481777071,-0.07812029336621136
0.22674397171603627,0.29487230141937215
-0.10605347351912392,-0.042060160577137434
-0.36183081609817486,-0.3623258842024699
-0.2708508198356458,-0.27112231569750855
-0.31257004210770495,-0.2579207919741029
0.2094337036440757,0.29559865982222033
-0.29036899751708145,-0.308335401983017
-0.3333012864059744,-0.3363351296440712
-0.3561505835272868,-0.3535358473172399
0.2376583620965958,0.29048489940913136
1.301225750503865,1.0467147788710285
4.113627635675471,3.7926076178142276
-0.3198388142958753,-0.3206993534845106
-0.349212355946349,-0.34850501188134525
1.577471185363777,0.5874685948847197
-0.11880030050871003,-0.049305115368285
0.2911905426135357,0.09589714708971357
-0.32649784400468473,-0.3268051221225742
-0.32905876241800036,-0.33132837368749257
-0.22637812889363065,-0.21284133238446856
-0.3480361947953713,-0.3481546132032047
-0.2495226697417915,-0.2556684032553438
-0.19940825628021638,-0.1870343135598502
1.94172492419207,2.3141427511129664
2.1481420084813867,2.3383099049796665
-0.2918837262026516,-0.29093749145257547
0.32508580612411186,0.22857802360777166
-0.3376336671803805,-0.3376352182796703
-0.3428453607934439,-0.325376302943174
-0.27750984954445523,-0.27735131649982087
-0.031234862130601785,0.05929974934246365
2.3101890952988966,0.6612552556369747
-0.2995472264169345,-0.1273731941906319
-0.31887927218361795,-0.31125120121655614
0.7842924948436114,0.9808045136637565
-0.02392116154921542,0.05539990597650854
-0.2277516540576646,-0.23217945418147248
-0.086355582264824,-0.04110962018937807
-0.3215557207509177,-0.3115150485543363
-0.14193842301498286,-0.038579456330942404
0.6033594370206347,0.6624551325612283
-0.340072637097824,-0.3405090843462087
-0.35385923547326753,-0.36023978402479245
0.1623278879425049,0.2657113550421171
-0.18224561007168005,-0.17876205501196324
0.023678866477732156,0.09946370040269342
-0.20840035326531714,-0.2747081684296839
1.2338652523892093,0.4345070464826864
0.3119538786212452,0.01391762749248182
0.1702240530502281,-0.049592908469925055
0.21259794619486416,-0.006194129143993438
-0.28103672841191624,-0.2558362856846609
0.686878110838353,0.7452099488136188
-0.24713504655945212,-0.1998854386051169
0.1420732055294201,1.2174124106100683
-0.3391483958659507,-0.3392900700658914
0.4524642192335405,0.9051435505280631
-0.2798044067694185,-0.27914502911278904
2.8994891557464526,2.6598250069910665
0.5136631091357075,0.518433648716335
1.8838828270973318,0.7777362415085908
0.7380483415405058,-0.1117826138551987
0.04560392236717124,0.4729411185491958
0.7474833041158793,0.2729038254470612
-0.21640402559966448,-0.3087567179904003
-0.35688869284440783,-0.3551179151064519
-0.36000158866009224,-0.32478661778221335
-0.07711798370250689,-0.11903971535836938
1.717118258992135,0.9148992964823814
-0.16352009761341346,-0.199949087162173
-0.35184387612043266,-0.35275141896615986
-0.33172879264341215,-0.33123992893627574
-0.06988611698019262,0.2705416574086491
0.04030156967493974,0.18094959013907472
0.4621880071938743,0.40893957087456745
0.6631398733655515,0.6110097721459812
-0.2925769071265566,-0.2961209550585675
-0.3275953804675343,-0.31978730710222425
0.4475349326635495,0.18895736379388844
-0.1282192172293634,-0.09956633770331187
1.6302620473926517,1.724833309189013
0.5358513170425548,0.0561389673476765
-0.12241382699165913,0.3786493776815022
-0.3435545875720689,-0.34310337813734176
-0.3635637684079373,-0.3644839232954741
-0.346426795566953,-0.34154286527963823
-0.3129872343304255,-0.3204434221017255
-0.340791491389281,-0.3397853521149165
-0.16652067244605773,-0.13116404876271054
-0.2507806647518413,-0.25879585800987737
-0.1397305134055077,-0.05571100567303143
-0.35527127068862957,-0.35576719457184197
-0.28704108724814875,-0.2641873079847515
-0.33166460922453206,-0.3293988275657003
-0.2838479621588642,-0.20426899495884313
-0.3060040783562717,-0.3026908446957898
-0.060778489841107716,-0.039611761045736854
-0.26940669291084374,-0.2660802481633087
-0.0479418060650895,0.029491894542283063
-0.31233256345784866,-0.3304448675321349
-0.16666508513853795,-0.14116912055628617
-0.01273720080935955,-0.006053396300862376
0.5351966461699779,0.3064442134860309
-0.29504796875344014,-0.3251363318372178
2.177152913815188,2.081940999874649
-0.29990986273360704,-0.30192162781498405
-0.13819973886521758,-0.028505248297996322
-0.028718872110502194,-0.09509928941885896
0.6689805644836397,0.8801038968926158
-0.06048966445614729,-0.0490795641371038
1.0249000863703528,0.9714042443657358
-0.16968170582590222,-0.11707058946160082
-0.24310753702472643,-0.24635548545097066
-0.09253965467392075,0.049386562531356655
-0.3246686165666021,-0.3267082051600639
0.3924366767259354,0.884666344201721
-0.20522327403075266,-0.2028656458995031
-0.3523445067876974,-0.3525719300352633
-0.35511723048331734,-0.3069499280058345
-0.3505987177941589,-0.35042109018240775
-0.34391080554685344,-0.2845515835855738
-0.21176998275652195,-0.19944326833521578
2.4900342441718557,2.990844632497494
-0.3477746473634349,-0.3431642454129134
-0.2880840678049502,-0.26920533882858005
-0.34310530363990827,-0.3427963353586563
-0.31108740513157485,-0.27594293973933554
-0.26459293649483695,-0.2546436186977946
0.3853123172302453,0.45738587332530417
-0.19877284043330348,-0.26539376370943996
0.08039293998565258,0.23713444889413238
0.020991185812128322,-0.12760140903369652
-0.2807350663431798,-0.26658767157573854
-0.2664157455910315,-0.30650294397951716
-0.1115796658846998,-0.09298068033951895
-0.22446225384005994,-0.24468620309273711
-0.3600336803695323,-0.3608998890935009
-0.1747361500627094,-0.14394166774750425
-0.05068243805126939,0.495415673826173
-0.023603453625758955,0.13888393946819588
-0.17450508975474108,-0.13803280314132857
0.19850326740879617,0.13057822905724967
0.7325606592262579,0.43352620617259874
-0.2989150197409656,-0.1832049703309174
0.2954715766528378,0.5095556003179655
-0.34629842872919286,-0.3455218628469256
0.09314939448807075,0.13885534842939398
-0.2939119222392625,-0.2791130229812417
-0.32454024972884193,-0.28912632629828944
-0.14508341054010732,-0.1434490011727987
-0.31750574701958395,-0.3215317589412028
-0.11212522494518057,-0.09958410581310549
-0.054905707013579386,-0.016754815400341228
-0.32861589682772774,-0.3293073661937953
-0.35828468220504983,-0.3567795596378382
-0.25348920502858113,-0.25457771302384125
-0.3604059441990369,-0.36085535649803563
-0.22223188003397676,-0.2306312645401925
-0.25498146951754325,-0.23208252652172723
-0.26985597684300433,-0.13842236975083974
-0.30629611291217607,-0.30626624622792414
-0.3555280043641499,-0.3543775379751966
0.41414671816212617,0.8353509180300756
-0.3499953936566861,-0.35606233132632725
0.17702428628057376,0.2310606393197773
-0.09754917051751189,-0.13365045022670594
-0.34631447458391285,-0.31681468414850156
-0.29362951519619007,-0.28994682038216096
-0.3376336671803805,-0.3376216327893407
0.11636132792605561,0.06665251088285697
-0.36691414287347807,-0.3668012174965777
-0.22637812889363065,-0.21950964729454234
-0.33744111692374024,-0.3449272034710018
-0.31919698010707437,-0.30744419381739335
-0.3566159133141674,-0.35640517775551067
0.6901803477397339,0.7663814111361326
1.4191178543028162,0.4382466505947904
-0.09930779619482638,0.48522765094111214
-0.3516769992313445,-0.35179843425986584
-0.343615561820005,-0.3419433698134486
-0.03323096645777262,0.08940624905583121
-0.35527127068862957,-0.35592833774217847
-0.2833826323719836,-0.21981287115980494
-0.29256086127183656,-0.18523658948320215
-0.0993334695623784,0.15590362513410425
-0.30149840235088926,-0.3101856815824917
-0.3265042623465727,-0.29091550863160925
-0.3631080661338887,-0.36266709930309116
-0.22446225384005994,-0.1681245732949253
-0.2533351648232689,-0.10295809442817543
-0.31247376697938484,-0.19683288590041598
1.235790754955612,1.4360975563730671
-0.32164718212282184,-0.3291708159701289
-0.33955916974678324,-0.33577641298272015
-0.3530376877116024,-0.353422103601749
0.020991185812128322,-0.04881227228917765
0.9075888425122665,0.3471407585561279
-0.3566576325364395,-0.32785967708924574
-0.05038077598253293,0.14915531094101422
-0.34822393129559553,-0.35327111210883244
-0.27003569041586867,-0.26627764426807443
-0.34559241112151184,-0.34620725618267273
-0.3355541244086656,-0.33569258943766184
-0.3376336671803805,-0.33626062339198765
0.3409968756644864,0.5720883179395896
-0.34475802667607064,-0.3444305842674172
-0.24047601685064265,-0.1718487626892602
-0.24135853886024392,-0.21808459354238455
-0.36048296430169297,-0.3476274212977607
-0.34895562227082855,-0.34910420688553545
2.3884928663326077,1.4193176572857908
-0.3382594555144614,-0.3390973700479412
0.3497707490253948,0.2262638957886678
-0.2851701405877941,-0.2913387233984678
0.15225269576380263,0.25958325966693513
-0.3496359665109576,-0.35024169752663814
-0.3121207581755443,-0.29702491433007516
0.07644565972452701,0.25980525460184833
0.05666112085473896,0.09127940523038108
0.47573712691946163,0.34015277170997954
0.42196907233813724,0.6962053388708278
-0.12019628986935202,-0.21307760224660252
-0.33363824935509484,-0.3330303788921181
0.07115052766691948,0.5726575125440725
-0.15068341383739528,-0.14952993082775512
-0.3587756853594825,-0.3584695411486596
-0.2559153382622486,-0.2896460354868162
-0.3010491184187286,-0.3041893135819105
-0.3467445034904095,-0.3297479211809881
-0.21183416617540202,-0.19578134755443086
0.41080918038036146,0.15894545385923362
-0.3463626121480729,-0.3470202782468644
0.05855774088264559,-0.22555039812928002
-0.1700860613648468,0.057567559210800354
0.1421213430935802,0.39724881892895686
-0.1855831478534448,-0.18042860957489376
-0.35034198411863854,-0.3492730734606099
0.016225566960281563,-0.20194914946684145
-0.359122275821435,-0.3580537984014829
0.13991985182599306,0.32126294755993307
1.2035867245325265,1.1607275298605002
-0.23420208765511377,-0.24366207106661417
-0.33179939440418027,-0.31847952180497824
-0.2960428117460815,-0.29618722443856105
-0.282307560105742,-0.2869063127657375
-0.2938605755041584,-0.28589280309543796
-0.1715109332639848,-0.16860298580202124
-0.3030869419681715,-0.3187260342710409
-0.3431020944689643,-0.3423785333934564
-0.2957732413867851,-0.29382407653328846
-0.05785814428206353,-0.015157236618233372
-0.2754399342855723,-0.2154902462650685
-0.2802922007529072,-0.2863906631784545
-0.2943997162227512,-0.2828117422555181
-0.10131031886388521,-0.0711615805774143
-0.304837544718126,-0.3068464857290729
-0.315410158393149,-0.25764121969869747
-0.29966917491280665,-0.3009309032583882
0.4498968824783369,0.07135887774184085
0.2298119391385046,0.042452259766483307
-0.32868008024660783,-0.3231222775472338
-0.3413563054754258,-0.342162673858526
-0.04817286637305779,0.27121217516734797
-0.30355227175505217,-0.3062207829728841
-0.299232727664422,-0.3017537293398133
-0.3451431271893512,-0.3456774862432367
-0.07997575042814295,-0.245567056333448
-0.3566159133141674,-0.35624060077226605
-0.3156989837781094,-0.30876636154908704
-0.3427169939556838,-0.34347264674063227
-0.01273720080935955,0.04437127980757905
-0.27383534881357,-0.27231035078097904
-0.2866977059571403,-0.2793967992705835
-0.25858536848766034,-0.14804989328008963
-0.2746055498401311,-0.27542383494467015
-0.34822393129559553,-0.3482998388856574
-0.2957732413867851,-0.29233977078826745
-0.32476489169492223,-0.3193357553559293
-0.1137137645624628,-0.1381996639845623
-0.30484877681642997,-0.3048024363879996
-0.30459204314090965,-0.31185200080622016
-0.2516792326161626,-0.24865550896377583
0.016225566960281563,0.026369264241401902
-0.13525051076767736,-0.08714956431780387
-0.35083940561495924,-0.3209527603194861
-0.35527127068862957,-0.35581246527662636
-0.35881419541081055,-0.3494755935416489
-0.32519492060141886,-0.3039544878467005
0.3794234885479969,0.026213218304249643
-0.312602133817145,-0.3023693820423283
-0.260459524318959,-0.12194743817836691
-0.20885605553936581,-0.20436258508080735
-0.18662291923930224,-0.2568592196202991
-0.20918980931754227,-0.21212781601401487
-0.36526462900825973,-0.3554989399726334
0.43637022694935773,0.12304576357150503
-0.03191199719978674,-0.04659229619695308
-0.31661359749715073,-0.3146673636864499
-0.34649097898583314,-0.3459330111310354
0.14961475724783088,0.17530422414076996
-0.3495236455279174,-0.3496384803615301
-0.3272359533218058,-0.3270466657222911
-0.02724265347626012,0.2574670125374094
0.04189572534137397,0.14304680381041227
-0.3366709158971792,-0.33591472825040636
-0.36645844059942945,-0.3665093433992201
-0.3602390673099486,-0.34777217630180834
-0.35809213194840955,-0.35848434612394997
-0.36106703341350177,-0.3508171874547902
-0.34849671082583594,-0.3523421320011986
-0.3531628453784186,-0.35535938917413384
-0.3614200422173423,-0.3607875039270421
-0.3509196348885594,-0.34853825889232415
-0.3438722954955254,-0.34386639062098917
1.3961530270275198,0.7912308080024397
-0.2342983627834339,-0.22541704637932028
-0.0196946834159614,-0.04561325302259277
0.2283100471367105,0.23700552045145676
-0.2970216088840029,-0.28211995732097395
-0.2733218814625293,-0.28011558937862263
-0.32011159382611565,-0.273876511779545
0.40349227062803106,0.5037225202836333
0.20773284304375328,-0.01990146099712009
2.263816575158031,2.0291388897016187
-0.09266160316979291,0.24522880919018675
-0.24386169219656748,-0.25248561169649886
-0.10098940176948477,-0.09126590263453573
-0.34803138103895526,-0.3480136236263971
-0.17659746921023203,-0.13500979620378564
-0.3624341402356477,-0.3502637873199693
0.24085148718588026,-0.01154367804357479
-0.33724856666709996,-0.34118328837259754
-0.32955939308526505,-0.2845936558166497
-0.3498124709128778,-0.3557003368438441
-0.3508939615210074,-0.354814958672101
-0.35008525044311817,-0.3521522774481519
2.3218704775350734,0.479063700033834
-0.25872015366730855,-0.26113722634167674
0.4420023219560857,0.162999925778507
-0.3401753305680321,-0.2959962573729207
-0.31486459933266825,-0.2236064107382398
-0.33137578383957167,-0.3319223591375183
-0.32486758516513037,-0.32576651138687435
0.4976012085609646,0.4620773977686711
1.4894757180791718,0.9741220350777212
-0.35034198411863854,-0.35137938606661523
0.20550246923767015,0.008955553892679564
-0.2325012270547914,-0.19817554953720587
-0.32073738216019654,-0.3004187623646714
0.7498259989050025,0.2703552623418797
-0.32101016169043695,-0.32305046699874346
-0.33363824935509484,-0.3328615765004637
-0.2944638996416313,-0.27865729931272065
-0.2113206988243613,-0.209525114195008
-0.34306358441763624,-0.3418756777010032
0.07392325136253942,0.30770450519275344
0.11726631413226493,0.21731820341541744
-0.2918548436641556,-0.25982642977236264
-0.2443912054023282,-0.21910103425547883
-0.3643211327507224,-0.3642607201077018
1.7066852442531764,1.2358759263524648
-0.16378485421629385,-0.10960530903929294
-0.2733218814625293,-0.2783490263518402
1.2485054902357582,0.9817011260732474
-0.0058695749891898045,-0.03449206366640157
-0.3581884070767297,-0.3563829488981052
-0.35835207479487396,-0.3589337798174208
-0.34738954685015433,-0.3474324962546206
-0.3272359533218058,-0.32716059129080294
-0.34905831574103674,-0.34411021273207737
-0.2628471475012984,-0.25901415651472487
-0.3420623230831068,-0.3434623025129561
-0.3106445395413022,-0.3124501260867637
-0.13057795787320675,-0.09078034437347152
0.2376583620965958,0.2382464426720845
-0.3112927920719912,-0.3063098053748709
-0.281563032446733,-0.32858070826832647
-0.3531628453784186,-0.35490848461064656
-0.3252077572851949,-0.33332822204743096
-0.1889206856352095,-0.17635932733171397
-0.3093769170184204,-0.29402076662044613
-0.31247376697938484,-0.10234841078361533
-0.36133018543091017,-0.36255924441628173
-0.3590709290863309,-0.35862612729625487
-0.34210083313443485,-0.3340893304229842
-0.35080410473457524,-0.34984717274801863
-0.3254741184735473,-0.32044203146098305
-0.2733860648814094,-0.03023375055738314
-0.19866051945026333,-0.17952849061128337
-0.36317866789465675,-0.36254722072247836
-0.27900211403341735,-0.27527380620303793
-0.29181954278377153,-0.2960497328580844
0.23770649966075583,0.31612240982448675
-0.21206522648337037,-0.2150501084700987
-0.33949498632790315,-0.33940341798363377
0.2789122545817743,0.3466240125021064
-0.3586922469149384,-0.3588446985806331
-0.2648753435379093,-0.261967160736743
-0.281563032446733,-0.316153044026359
-0.3438722954955254,-0.342538863573819
-0.27784039415168765,-0.2793702701241134
-0.3014534739576732,-0.30307280022154487
-0.08018434653950324,-0.22940927856758184
2.50976743630654,2.686809502726751
-0.3610285233621737,-0.3611286174039172
-0.3560414717151907,-0.3558932508065222
-0.3335772751071588,-0.328033218356661
-0.34385945881174934,-0.34425498913059743
0.7876942160442562,0.515869119985707
-0.053605992781257536,0.0187044375697955
-0.36411895498125013,-0.3641368193661721
-0.18963953992666654,-0.17431865831736765
-0.3439878256495096,-0.34289362672444196
0.046600369945284624,0.3445294026728089
-0.35958439643737167,-0.36061686161071305
0.3073005807524386,0.042529838264883664
-0.26274445403109026,-0.23603773343508422
-0.29175535936489144,-0.29132355471713905
-0.2937322086663982,-0.29723507223796114
-0.19877284043330348,-0.28997829165188566
-0.34523940231767136,-0.34686645198628185
-0.34287103416099596,-0.33894155410137355
-0.3207534280149166,-0.3219470791475392
-0.3424345869126113,-0.34303461630124876
0.5071420737774902,0.9802406965600513
-0.2341699959456737,-0.2659998263394518
-0.340072637097824,-0.3441945818361949
0.020047689554590995,0.26037068698826143
0.0261143063071372,0.0874831036254871
-0.36667024588173375,-0.36477763731750673
0.06724175745712196,0.34793390515493855
-0.3508329872730713,-0.34954018345551574
-0.2006822971449862,0.002102561892014465
-0.30465943573073373,-0.25186707608875114
-0.36314657618521673,-0.3632238583701661
-0.340810746414945,-0.3409833463255492
-0.3335901117909348,-0.32136804843411243
-0.25043407428988884,-0.22262094922199205
-0.06247935044143013,-0.12060534416942026
-0.3447451899922946,-0.33822884002365533
0.11726631413226493,0.011235969371016254
0.6547318454922595,0.7303664581253319
0.37759426110991434,0.5980982152026689
-0.318917782234946,-0.3184788104387529
-0.35133682711127995,-0.31556291493008354
0.09794389587841355,0.22375673740700616
-0.3460416950536725,-0.3470460585867801
1.2473630253796926,0.2523230725459016
-0.3665675524115256,-0.36459674704862993
-0.06078490818299571,-0.056611429507881963
0.11871044105706693,0.1229919778664838
-0.32438620952352976,-0.33043170993126475
-0.25965081324106987,-0.2551794004841327
0.4494636444008963,0.4637785070797406
-0.3669542575102781,-0.3663014853971756
-0.2873138667783891,-0.27589375384600034
0.2376583620965958,0.2821909575628991
-0.18544194433190858,-0.08596891995501726
-0.21176998275652195,-0.19330797532446786
-0.2623465168340337,-0.15292373607340456
-0.35618267523672686,-0.3488462644222941
-0.26940669291084374,0.18806793136952074
-0.27285976084659264,-0.2780615702131485
-0.3265684457654528,-0.3242206163028194
-0.09084842158643035,-0.2665009276851221
0.03552873018846896,0.18299833449724032
-0.2129252842963636,-0.18441796206709551
-0.3547706400213649,-0.34996592811880134
0.5083358853686598,0.9259130214008928
-0.24052415441480277,-0.25660909683692323
-0.35537396415883765,-0.3367589755478827
-0.3138858021947468,-0.3170146903789688
-0.3521904665823852,-0.3522926893741884
-0.28506744711758597,-0.2882934662090466
-0.3463369387805209,-0.2909743755239581
-0.019405858031000978,0.2658641399267283
-0.22487623689183656,-0.22220188498288654
0.07076542715363891,-0.25014675721527213
-0.35329442138712275,-0.3525257179736695
-0.3477746473634349,-0.3299181356078588
-0.11870402538038989,-0.03678045928315239
-0.3319855263189325,-0.33086111839804516
-0.3378647274883489,-0.3393163852676329
-0.21437582956305365,-0.22579910887744029
0.18350360241651897,0.2421227023756342
-0.05439223966253862,-0.062435331313314794
-0.07563695131184878,-0.07266771938209078
-0.12364614863415688,-0.07434257500053049
-0.33185715948117234,-0.33098672534879386
-0.289290716079896,-0.28784474923041886
-0.2818454394898054,-0.22101868505030575
-0.1945559898128815,0.07969839569895829
-0.3385964184635819,-0.3183833696948776
-0.3368634661538194,-0.3231185335144655
-0.35013659717822226,-0.34902613845370517
-0.31229405340652056,-0.31333035888775773
-0.3185711917729935,-0.303216351786488
-0.33226793336200494,-0.32652716512987656
0.03741572270354361,0.3897367049356158
-0.36083597310553345,-0.3605574705537763
2.078467698116104,3.5260771991807345
-0.28025369070157913,-0.3005960583620904
-0.32476489169492223,-0.31366874456933075
-0.354895797688181,-0.35488428746172884
-0.18437970874944307,-0.2298292927212865
-0.34328180804182856,-0.3439008036307438
-0.22338718157381846,-0.12281932713490704
0.03930271521861831,-0.06193274305177443
-0.10310745459252776,-0.17918566022795307
-0.34444994626544617,-0.34439996877661166
0.3345207686994852,0.5205254558696745
1.0431827332383468,1.3271691270018946
0.03547096511147687,0.17306363982246623
-0.363310243903361,-0.36355824328529496
-0.36323001462976084,-0.3489394587465081
-0.3625689254152959,-0.3617789131067724
-0.3574278335630006,-0.3565544683878262
-0.34004054538838396,-0.3395453703117248
0.2858536913336561,0.3900815998855863
-0.360508637669245,-0.3604819908531729
-0.21101261841373686,-0.20804417807947906
0.7132286134595746,0.585366080867388
0.5939084285905413,0.6274257480390425
-0.270305260775165,-0.26955057074149963
-0.32367377357396077,-0.11853454906283695
1.6849912486717056,4.100508972745831
2.1262009067372274,0.833240128630601
0.25108874249725477,0.3533632768331345
-0.3193606478252186,-0.3122088873582844
-0.32646575229524466,-0.3272793306157325
-0.28220486663553385,-0.28477408610435817
-0.318917782234946,-0.3180433901250702
-0.21504333711940657,0.08014956715849586
-0.1121444799708446,-0.08948372164249255
-0.32713967819348566,-0.3325184626403672
-0.35313396283992254,-0.35222539305949285
0.1616298932621839,0.5833521902451219
-0.0005038411708141552,0.1400530538146424
-0.32923847599086464,-0.31259731471211055
-0.3428453607934439,-0.3434893397781597
0.4141852282134542,0.3991244178174568
-0.17844274250303466,0.09041875372076298
0.1616298932621839,0.1777392933109306
-0.27033735248460505,-0.14233357893055482
-0.34803138103895526,-0.348047426893674
-0.36133018543091017,-0.36333397037387327
0.15404341315055714,0.16543930219093725
-0.26274445403109026,-0.24494974555927784
-0.36443024456281853,-0.3644740016086392
-0.35469361991870874,-0.3548149158831561
-0.3448543018043908,-0.34486671059870644
-0.29712109318326707,-0.2667629030065176
-0.31048408099410196,-0.3101596552061357
-0.3240107365230812,-0.2670158712547968
-0.36368571690380946,-0.3635287670501747
1.2980807629787403,0.856443148596289
-0.33137578383957167,-0.3603086902735785
-0.26100829255038377,-0.26483981266694107
-0.3521904665823852,-0.3522296612568482
-0.33532306410069723,-0.33575306091548396
-0.31661359749715073,-0.31485572062639017
-0.35080410473457524,-0.3504627719643531
-0.3534998083275391,-0.3568722404947008
-0.3047075732948938,-0.2672678339628474
-0.3515935607868003,-0.351504399320739
1.075155703353464,1.392268336297037
5.255084812064675,3.111706581177852
-0.2891880226096878,-0.29016617791342014
-0.15766336064060518,-0.2717161406889876
0.12058780605930963,0.5319982152513995
-0.3428453607934439,-0.33987368989376876
-0.03771738743749097,0.16402872714835395
-0.11381324886172696,-0.02487537108908746
0.06912874997219663,-0.16877669822522018
-0.3498798635027019,-0.35019491851151213
1.0704703137752176,5.260758631642282
2.263816575158031,1.7529093081461704
-0.29762172385053176,-0.309106769008354
-0.12818712551992334,-0.09607188215962192
0.47184761173532797,0.49790404839543745
-0.3528451374549621,-0.35202738721224813
-0.2518525278471388,-0.20293005396034927
-0.08009769892401511,0.005047692947982816
-0.08404497918514073,-0.00624350758758519
-0.33093291824929905,-0.3297443269095321
-0.20852872010307733,-0.20075856844108894
-0.3144313612552276,-0.3368160346072673
-0.3355027776735615,-0.3303652586982501
-0.0686794687052469,0.8328440955416393
-0.311206144456503,-0.3136661986270488
-0.3345849547835762,-0.3354562446948733
-0.33219412243029284,-0.33300165681216914
-0.2925769071265566,-0.2874930989756118
-0.36417992922918624,-0.36416049769911985
-0.2720510497687035,-0.3196947225204903
-0.2733218814625293,-0.2751579658291962
5.247110022268823,3.976654865818505
-0.12917875934162074,-0.12154020508280901
-0.3516769992313445,-0.3515675451076807
-0.2303446641804203,-0.1923559105805097
0.23343830230522972,-0.14997306384893985
-0.3132182946383939,-0.3045968462000891
-0.34674771266135346,-0.3474591858596388
0.3268701051689783,0.20825372785856916
-0.25560725785162414,-0.14754629947832024
-0.3272359533218058,-0.3256359462670166
-0.280869851522828,-0.28309094012764663
-0.25997173033547033,-0.2578887751453182
-0.32210127981139847,-0.30600919163530915
-0.3415649015867861,-0.34598227190502534
-0.31016316389970155,-0.30692136638443196
-0.14103985515066156,0.008875613444464399
1.0585097336669123,0.9481788645014952
-0.34985419013514985,-0.3239862826404881
-0.3193413927995546,-0.3214572526891198
0.28839535472130773,0.36533665565002554
-0.34353854171734893,-0.3269370725345538
-0.25576129805693637,-0.2582981690826446
-0.07137517229821072,-0.04404562115401056
-0.0521265649760714,-0.11434346594564795
0.20879186945527484,-0.22725528089051872
0.24761321036489783,0.37293691166279
-0.35034198411863854,-0.3512239926608892
-0.34803138103895526,-0.348033787917162
-0.046634068905407645,-0.11432912843959403
-0.2900737537902331,-0.3065770544338511
-0.23596713167431627,-0.26831794957638083
0.4244417385504928,0.5240722861528948
0.718408215363198,0.8133516971303959
-0.3317031192758601,-0.33055744524885067
-0.36025190399372464,-0.3600328780767965
-0.14572524472890824,0.0004628466954118406
-0.34392364223062943,-0.31345757042397926
-0.3419018645359066,-0.34315362305708885
-0.35188238617176076,-0.352094030995519
-0.2341699959456737,-0.23002961986884732
-0.35116032270935976,-0.35027325437425477
0.09329380718055091,0.052451469474468035
-0.07013322314288097,-0.028596185505312923
-0.3280061543483669,-0.3200905523619594
-0.27199007552076737,-0.2420355455625913
-0.016074738591124262,0.01308205565379132
-0.22402901576261933,-0.22683233355457158
-0.16352009761341346,-0.22021668113968895
-0.2372828917613581,-0.23532716950189927
-0.3126663172360251,-0.31125155422536
-0.3521904665823852,-0.35248596704290924
-0.25493333195338314,-0.2503837330950139
-0.018423851722135592,0.07883816298614861
1.3797702093583764,1.1058181550274155
-0.2680460044305858,-0.2759765076674106
-0.04539372433554985,0.01932167881192884
-0.3664135122062134,-0.36454183813377805
2.50976743630654,2.678386348961077
-0.25235315851440354,-0.020483883804234645
-0.35611849181784677,-0.3376159311622968
-0.34674771266135346,-0.3477400418034211
-0.317531420387136,-0.3172121720616271
-0.21275840740727534,-0.1902875624667712
-0.26723729335269664,-0.2714806731195895
-0.3345528630741361,-0.3362402879454398
-0.27521529231949193,-0.2714723292751343
2.251685908989694,2.1083586650951145
-0.034367012971950224,-0.05559868468999125
-0.26125539871307213,-0.2385177807406112
-0.35637522549336714,-0.33968460554174745
-0.16135390722621037,-0.28250347999187314
-0.36279356738137625,-0.3625289391453332
-0.2878016607618778,-0.31818741771703646
-0.3314078755490117,-0.3378834476521891
-0.2580975745041717,-0.27395518995385537
0.7222271287865634,1.1671469575180136
-0.28321896465383933,-0.22463899358118258
-0.14431320951354626,-0.19325781598261285
-0.19078200478273216,-0.1911612753021312
1.91235459171254,1.2290631602398612
-0.32004741040723556,-0.3175913783976067
-0.36414141917785814,-0.35660702391065385
-0.33622163196501853,-0.33052908687494226
-0.349212355946349,-0.34903371209713335
0.2151139362149638,0.34422007870844357
-0.35027780069975845,-0.3027602376688353
-0.3586216451541703,-0.334436380866105
-0.341484672313186,-0.3421645886638558
1.1475642273630386,1.3716495525807482
0.06724175745712196,0.28833634341626574
-0.3523445067876974,-0.35322480377211124
-0.3191488425429143,-0.3163568210326852
-0.3355541244086656,-0.33564564996398727
0.23189148191021955,0.20293344231910235
-0.30794883594833844,-0.3078275292866545
-0.3136772060833865,-0.3118948860272687
-0.3465679990884892,-0.3462583782758116
-0.17313156459070714,-0.17235305181140106
0.12399915477278653,0.06643226334152251
-0.34705579307197787,-0.330080583841044
-0.1860003400761654,-0.18701561479048315
-0.3319855263189325,-0.33630902838706034
-0.20621811702339407,-0.29104896200531594
-0.3530376877116024,-0.35393636254828903
2.8081368956544193,1.3999817872570617
-0.21616012860792017,-0.20498412661200546
-0.060797744866771745,-0.14334263855047774
-0.3064405256046563,-0.3048555160754124
-0.2945986848212795,-0.14551658443412918
-0.26459293649483695,-0.25250877121347853
-0.35722565579352833,-0.3567444673535664
-0.36025190399372464,-0.3533165218776901
-0.3363628354865547,-0.3342633316715696
-0.3571133348104881,-0.33239143295716644
1.577471185363777,1.3590522590507408
-0.3091843667617801,-0.2917395809410834
-0.2753757508666922,-0.2789618710297799
-0.31369325193810654,-0.30490699117735415
0.004849055963785415,0.2450123725393474
-0.36645844059942945,-0.3665494794304924
-0.2961711785838417,-0.2848254007477528
-0.35018152557143833,-0.3566913288313513
0.29919421494788306,0.24848999865574592
-0.35709728895576814,-0.3567234205407912
-0.16666508513853795,-0.1605542353131465
-0.2854397109470904,-0.27743404892675827
-0.34991837355403,-0.3493712313025507
-0.3422548733397471,-0.3420954310300126
-0.3448543018043908,-0.34490837633479626
-0.3272359533218058,-0.32714893130303996
-0.2933471081531177,-0.272779938067979
-0.11246539706524504,-0.11263882066305922
-0.2408450715092032,-0.24597840786505037
0.5297153821976183,0.4861781538885438
-0.3441803759061498,-0.3425166882025949
-0.36063700450700514,-0.3612951947703829
-0.34964880319473357,-0.349501095753418
0.16550015342065338,0.449038226003323
0.40129719770233196,0.31870025126591367
0.9490192393993652,-0.16485431043338328
-0.3544625596107404,-0.3550347440928204
-0.22749492038214428,-0.22848068142101383
-0.35544456591960577,-0.35620164143700556
-0.36149064397811037,-0.3606492047052107
-0.33712019982933983,-0.32763735642348163
-0.30165886089808946,-0.29785144700393984
-0.30423261599518114,-0.2773616072413153
-0.33204970973781256,-0.33185924544228596
-0.05307006123360877,-0.04321801126843225
-0.038283485192013376,0.23608235964046836
-0.18691174462426266,-0.06933129732209115
-0.20336195488323,-0.20532898412164766
0.337177962241121,0.5342593329151261
-0.2730330560775689,-0.21304829181864718
1.3062320571765123,1.3619038882369483
-0.28237174352462213,-0.24969578311974758
-0.35724811999013634,-0.36073425308384344
-0.3272359533218058,-0.32974734353021906
-0.3271236323387656,-0.3336414050398568
-0.33232248926805297,-0.33085942823468156
-0.29748693867088355,-0.3262144849075648
-0.12623274041502458,-0.17879984834844687
1.166223630899859,1.3394091970168853
-0.3265427723979008,-0.32388215574059204
1.069408078192752,0.2602397362330294
-0.3410032966715853,-0.34099243897655857
0.22472861236320138,0.23849014176495384
-0.36352525835660926,-0.3637295381330499
1.2383003266338235,1.3931591593621495
3.0888944248616017,0.5404243749405249
-0.30165886089808946,-0.3119617972414511
-0.36054714772057306,-0.36089527858457743
-0.33378266204757506,-0.3319284565623114
-0.16415551346032636,0.1331031148992062
-0.33204970973781256,-0.331521426714247
-0.35098381830743947,-0.3504073977197139
-0.3303360124537142,-0.24532119105019115
-0.2694564350604758,-0.1402465320474491
-0.06926674698799974,-0.05197990586393041
-0.29183879780943556,-0.27655251106291295
-0.35854462505151424,-0.3415812897530732
-0.2756806221063726,-0.27794105514696443
-0.3047075732948938,-0.2902109030591434
-0.3431662778878444,-0.32587179893692875
-0.29034653332047344,-0.29068948672202227
-0.25727602674250655,-0.17776070809954214
-0.34991837355403,-0.3499874777016912
1.0082926267351293,1.0359836909861726
-0.26586055901771866,-0.1953265117565375
-0.1282192172293634,-0.12415565800770002
-0.31883594837587387,-0.3170575809486343
-0.30495147028663816,-0.2692897721161172
-0.2588806122145088,-0.25840554794243153
-0.3376079938128285,-0.3369871369047648
-0.045611947959742195,-0.04935940384342121
-0.2798044067694185,-0.2775716260851272
-0.35398760231102777,-0.3534990809154582
0.8730260714453375,1.0515486781833276
-0.30986792017285314,-0.2943867939610836
17.60247913093429,14.480640789258613
-0.3457592880106001,-0.34576151303578784
-0.24238547356232537,-0.3170642827672902
-0.0479418060650895,0.035465124420358804
-0.3594560295996115,-0.3591435633220305
-0.29552934439504075,-0.29629799432231185
-0.31937990285088264,-0.32315600593385513
-0.3100604704294934,-0.30724046494863133
-0.3519850796419689,-0.35248945434200185
-0.2996370832033666,-0.2998789691146528
-0.060447945233875214,0.19513392674297647
-0.2316026591904701,-0.20705783938983896
-0.3432047879391725,-0.34435136053404625
-0.29873851533904533,-0.29606816419653914
-0.21483795017899027,-0.12174196566005888
1.0754284828837044,0.5467517903184538
-0.014174909392273569,0.1023208119225952
-0.24052415441480277,-0.21290172898163456
0.09987260761576029,0.17059295045941214
-0.1763407355347117,-0.15577399868765027
0.3497707490253948,0.5904108173620896
-0.33259526879829343,-0.31310384490529536
0.24805607595517049,0.7811887665595904
-0.31106173176402285,-0.325067762551381
-0.2674170069255609,-0.18233715702147596
1.4909776100809662,0.5663856505894939
-0.3620490397223672,-0.35880038527851427
-0.35709728895576814,-0.3569129220850343
-0.3264850073209087,-0.3317293221566186
-0.07364726532656594,-0.0772249881590165
-0.2051783456375366,-0.24607396627852626
0.4301604811727089,0.6129462682623154
0.9147773854268367,1.3469296826674928
-0.3538720721570436,-0.35266942464854156
-0.2405883378336828,-0.2457808299072641
-0.19171908269838148,-0.2198884257410635
0.49752097928736444,0.23506272045366577
0.020047689554590995,0.0659422304264385
0.6646481837092336,0.48827060287607194
-0.3512662253505119,-0.338263830684182
0.409124365634759,0.46485459290914016
0.8666237754120484,0.9862458362945485
-0.3589425622485708,-0.3589511735239376
-0.2661846852830631,-0.27586196165918236
-0.3449505769327109,-0.3504923337773649
-0.30945714629202054,-0.31367078774149887
-0.3378583091464608,-0.3324650192469121
-0.27786927669018374,-0.241874308256575
0.34033578645002144,0.33673242234172895
-0.22146167900741567,-0.2100196688319528
-0.33883710628438224,-0.3304455949442156
-0.21817548796075503,-0.2651480802792035
-0.32194082126419826,-0.3112891978005338
-0.1331773863378504,-0.12217939705419946
-0.3065368007329764,-0.2665381754625454
1.588703283667793,1.8809200883901156
-0.29748693867088355,-0.2894118729802685
-0.27548807184973234,-0.260964679917255
-0.20207828650562817,-0.08963504474973867
-0.22431784114757974,-0.21914397296270938
1.5566372475952996,2.2843266220003664
-0.1734011349500035,-0.20035726161454065
-0.3023969702152105,-0.302508274960786
-0.3450468520610311,-0.34123922422215214
-0.2094914713862787,-0.12636077563845385
0.05788060581346068,0.13684435354904279
-0.08404497918514073,-0.03205188496123589
-0.26619752196683916,-0.29697400618166664
-0.32895285977684824,-0.32586745585891685
-0.35775516899928905,-0.3333939512169827
-0.3272359533218058,-0.32660754416478716
-0.08029024918065539,0.018014144899740146
0.5707414235457724,0.6952290448862412
-0.07528394250800828,0.06222240978348207
-0.09593174836173357,0.08942026297048222
-0.27832818813517635,-0.31555514873639967
-0.1683338540294203,-0.23692979737962594
-0.3440841007778297,-0.34513617398563906
-0.3454383709161996,-0.33879690606969
1.7762295831952268,1.272561093855308
-0.3281601945536791,-0.3296998691947206
0.0006771337365795043,-0.0013056257880825083
1.4205587720566744,3.298546086031559
-0.35257556709566573,-0.35199504946636867
0.686878110838353,0.5335755773262832
-0.2696762632701401,-0.2540859931545651
-0.36323001462976084,-0.3641492014173972
-0.3616896125766387,-0.3627776766365851
0.15677762679484902,0.11622867577536167
-0.2544519563117825,-0.24495466093944032
-0.3001505505544073,-0.30241429973830797
-0.10657335921205267,-0.04977463847186586
-0.35464227318360464,-0.33287155702209886
-0.08009769892401511,-0.05109324402381144
-0.3503098924091985,-0.34887656969324143
-0.1343391062195801,0.00203291753391135
1.046305256566863,1.1142359387803764
-0.321748271007558,-0.27688602950188684
-0.24052415441480277,-0.23182704442287502
0.039123001645754066,0.016194052901611442
-0.3064405256046563,-0.30754924067962713
-0.3505987177941589,-0.35033380073273146
0.3775621694004743,0.2760252095198924
-0.34464249652208645,-0.34217752162276016
-0.3061324451940318,-0.19066082648788646
-0.33517865140821707,-0.27351288061988005
-0.0038477972944669053,-0.011068378432294747
0.12978849915577076,0.23526784531178851
0.2665890381567968,0.5094756919614605
-0.31880225208096186,-0.2955811778544044
-0.16350405175869345,-0.16614160517415216
0.616241049189869,0.34569962525295533
-0.33614461186236244,-0.33193443631750436
0.7717638914782176,0.6906934594076607
-0.12342150666807658,-0.1042156080625837
0.26217642810879055,0.27451251330925325
-0.26639007222347943,0.23318732374293566
-0.3595202130184916,-0.3601665935327969
0.3307708524514159,-0.007206686760245755
1.5035960702327922,1.4492360198874281
-0.341484672313186,-0.3423157406153185
1.9540513497879914,1.7554190081912195
0.36281602891277337,0.5118158017633885
-0.3645040554945307,-0.3640692021343817
-0.3427426673232358,-0.35452291341896136
-0.30944430960824454,-0.3148889034539507
-0.18437970874944307,-0.18283893229304427
-0.23871418200238417,-0.23418193406158547
-0.3681143728065358,-0.36452924748644205
-0.3376336671803805,-0.33767511897174046
0.38125271598607946,0.8766949186867424
0.955235403517902,1.5474836822438742
0.045124151311042596,0.07136133810623126
-0.34826244134692363,-0.347916920608619
-0.34869888859530823,-0.34709905269630315
-0.27642835893632567,-0.25526094551782036
-0.018462361773463647,0.23116326486253308
-0.3271075864840456,-0.30054847705422766
-0.33344569909845456,-0.3331845795559773
0.9352775694171375,0.5571046078755217
-0.3438722954955254,-0.34384148745446375
-0.30235846016388246,-0.30323807252516144
-0.30794883594833844,-0.3072253818451943
-0.1042627561323694,-0.093052266246043
-0.36043161756658887,-0.3606895707270678
-0.35577511052683825,-0.35452160835611
-0.19822728137282272,-0.19877899134427968
-0.3239625989589211,-0.26507874079234045
-0.014174909392273569,0.10546552827277476
-0.27258377214540824,-0.2751522000187331
0.3243156050975507,0.2973849945511891
-0.3536153384815232,-0.3481800619287917
-0.2866977059571403,-0.2871246808026227
2.8402799518295687,3.4126765226681774
-0.24639693724233105,-0.2421122447481522
-0.34591332821591225,-0.3469901120399896
-0.09548246442957294,0.15159447233899062
-0.35510439379954134,-0.35470894905858474
-0.29986814351133495,-0.2556653759374203
0.3973787999797024,0.6471659682580942
-0.25348920502858113,-0.26010679364326655
-0.2933471081531177,-0.2838688966506554
0.1317653484572775,0.21671289494057747
0.08361815678437723,0.07682712317740434
-0.29504796875344014,-0.2964770767582238
-0.3013571988293531,-0.2930096317366456
-0.3453677691554315,-0.34541119993554054
-0.31691846873683116,-0.31298097644708506
-0.3047075732948938,-0.3052842078273484
-0.23452300474951424,-0.017156197107544357
-0.3526525871983218,-0.3519257313739774
1.7584684266056336,1.9021908531588765
-0.19499243706126615,-0.18281970935908948
-0.07846102174257277,-0.09455480008202588
-0.3578225615891132,-0.35624261720134326
-0.3064405256046563,-0.3062216601462752
-0.29000957037135294,-0.2904053681211134
-0.3376336671803805,-0.3376363949756832
-0.01412356265716948,0.005487509825858675
0.3499376259144831,0.3336954341161062
-0.2854140375795384,-0.07559973562613488
1.0743855023269029,0.8998732991727837
-0.3565677757500074,-0.3561760964362923
0.43385102775831413,0.8750243954490774
-0.3332050112776543,-0.31259983391130175
-0.34910003496330877,-0.3499706669945625
-0.3660284116929328,-0.34095729855472223
-0.31750574701958395,-0.20267407978861895
-0.36027757736127664,-0.36101715219979574
-0.3562147669461669,-0.35629884722489946
-0.19248286538305456,-0.1631008889616165
-0.03196013476394681,0.002155962496522729
-0.11228568349238079,-0.11684633259603383
-0.3521904665823852,-0.35213899148044353
0.41793353987605153,0.40371155327863484
-0.24560748119010595,-0.24703356187696646
-0.19562785290817905,-0.19702791791591995
-0.29183237946754753,-0.249545647405751
-0.35491505271384505,-0.3548044432886416
-0.2678341991482815,-0.2658608371458671
-0.15320903137032685,-0.25248759068524806
-0.04807017290284966,-0.11632404002489719
-0.33966186321699143,-0.3201264522875871
-0.16858737853399666,-0.09202940719106055
-0.34523940231767136,-0.34744761144976827
-0.3178908475328645,-0.2668917726143925
-0.35075275799947114,-0.3481783557195724
0.07399064395236357,-0.021381744581224597
-0.1344931464248923,-0.13297079060971195
-0.2918452161513236,-0.26082538050381215
-0.22808861700678512,-0.218463778483891
0.40132608024082805,0.4421911923633766
-0.3539105822083716,-0.3538601768300778
-0.06078490818299571,-0.04975760847138958
-0.28429724609102486,-0.08826005406430683
0.7093583533011052,1.0487940328173584
-0.3378647274883489,-0.3389807487758361
-0.10894814571061603,0.026871199971517143
-0.3600465170533083,-0.35589816083806824
-0.3674211918826308,-0.3672833954309137
1.0908966868338066,0.6132026681840558
-0.35013659717822226,-0.351418810731663
1.0796517518460145,0.6454319943622461
-0.35842909489753005,-0.3583588140538571
0.6562144824683898,1.8749913322727074
-0.3191167508334743,-0.3159762561476716
-0.21703302310468942,-0.18094643070118183
-0.14912696592955307,-0.09115763590412163
-0.34004054538838396,-0.3394302680472004
-0.19924458856207217,-0.20622150269873982
1.078429057716349,0.9759834103857357
1.1289061074945963,0.8463390102305345
-0.33955916974678324,-0.3415211177978731
-0.35335860480600284,-0.3534665934082689
-0.06078490818299571,-0.09211590504523778
-0.3366709158971792,-0.33615899964542767
-0.1855831478534448,-0.1645042754612841
-0.32983538178644944,-0.29340826425407424
-0.31125428202066313,-0.31236615278039664
-0.35027780069975845,-0.3502366698254922
-0.2982892314068847,-0.27113578351823714
0.25236599253296865,0.04044997243662699
0.543745877564806,0.411692135628039
-0.19967140829762478,-0.1925815473895827
-0.33179297606229224,-0.3219810749650729
-0.19399117572673671,-0.19895168218139442
-0.35112502182897565,-0.33988083564773736
-0.225184317302461,-0.22329608390795452
-0.29036899751708145,-0.2841534752327334
-0.3151052871534686,-0.31972876112696946
0.7773285938951214,0.9070662825102185
-0.3213952622037175,-0.2734514677852481
-0.32905876241800036,-0.3319004618944444
0.1990038980760609,-0.04060344835361665
-0.35724491081919235,-0.35736276762211183
0.982798972755957,0.475004138904305
-0.28795570096719003,-0.29023570995054054
-0.21663187673668885,-0.21691485073329544
0.4029146198581102,0.5532714564304019
-0.32073738216019654,-0.2725282106991309
-0.32877635537492794,-0.3312397684777279
-0.353448461592435,-0.35382598846228713
-0.36330061639052896,-0.36285481440884204
-0.25498146951754325,-0.2750748910906917
-0.3661054317955889,-0.3662874720173878
-0.29748693867088355,-0.2899231687923036
-0.3534998083275391,-0.35683002919955076
1.91235459171254,3.092851044879895
-0.2668393561556401,-0.22716651522220757
-0.16998657706558265,-0.17269631543280858
-0.34964880319473357,-0.350476812087233
-0.2085768576672374,-0.19207072225595268
0.6419818093317295,0.6220428023671687
-0.3387247853013421,-0.1893252979078298
0.727637790998155,0.3164756887335489
0.40349227062803106,0.5415372084515411
-0.22927601025606678,-0.19087186156916422
-0.13302976447442622,-0.18459583571528534
-0.25933310531761344,-0.2827578281836593
-0.34317911457162037,-0.32812443369212685
-0.028911422367142475,-0.015286801546479276
-0.05571441809146852,0.01009672973174939
-0.36317866789465675,-0.3614839154163642
0.7864362210342064,0.5432446264578258
-0.35450106966206846,-0.33598549046972204
-0.16363241859645364,-0.09704845427235534
-0.3616254291577586,-0.362171544474536
-0.3550915571157653,-0.3551974597569187
-0.2796118565127782,-0.2902761562016712
0.057768284830420534,0.05975648389983262
-0.347132813174634,-0.34812893983565246
-0.35779688822156114,-0.3585963568871324
2.2447540997506437,2.2029149400631662
0.8223147521881774,1.1460847781633778
-0.3550915571157653,-0.3553998086821723
1.0752712335074484,0.6969789015039499
-0.31035571415634183,-0.3092981104772718
-0.31257004210770495,-0.26340691249182485
-0.05264324149805614,-0.02317845242040794
0.048301230545607046,0.37701198913383516
1.5566115742277473,1.5124465999903187
0.9852828710666165,1.2503026259644
-0.30355227175505217,-0.11652719659150752
0.20996642602078044,0.37513727169761907
0.4064061978451872,0.5251597607951101
-0.35681167274175174,-0.3558915499459236
-0.3662851453684532,-0.31696942502280395
-0.36271654727872016,-0.36283857600386604
-0.23437859205703399,-0.22353226819219704
0.1317653484572775,0.16468262888962837
-0.34260788214358756,-0.3422543384779235
-0.33811504282198124,-0.33745475590025237
2.155969176413814,2.5758244119726834
-0.3604059441990369,-0.3603995044626758
-0.33363824935509484,-0.33415679789346375
-0.25990754691659024,-0.010129562215717425
0.0008311739418917287,-0.015895260357462564
-0.28786905335170193,-0.30153850629045276
1.4249713821046806,0.8586888221248472
0.01941869204956611,0.023817453455225346
-0.2882252713264864,-0.2774622147504095
-0.3616013603756786,-0.36110341471477014
-0.22909950585414657,0.23155518218976107
-0.36134623128563015,-0.3604138387595585
-0.29196716464719574,-0.29045837292787163
-0.3368955578632595,-0.3389114520779183
-0.3571133348104881,-0.34890801956849204
-0.29049736435484164,-0.2797287666102682
-0.35027780069975845,-0.35006423037343465
-0.3331568737134942,-0.32635775299574343
-0.08765529649714585,-0.02405532628914775
-0.29843043492842086,-0.26366671627421434
-0.33103882089045117,-0.3512623796939972
0.16990313595582768,-0.09528354931722698
1.031880033173563,1.1352239221027869
0.02134419461596882,0.04479745770894286
-0.1715109332639848,-0.17087621273744355
-0.321748271007558,-0.33041693704768543
0.1035118074662614,0.2832779412019608
-0.3560543083989667,-0.35612667520375435
-0.15252868713019788,0.1794495102491405
1.149663025160418,1.1735478789564133
0.13822220039661468,-0.14558896193615278
-0.3401753305680321,-0.3454607067459697
0.24990134924797316,0.1636861267556087
-0.14645051736225326,-0.12399402276448683
-0.3413563054754258,-0.34077710360621605
-0.34723550664484215,-0.3462874426673268
0.03068288206302206,0.3900321733044309
-0.3120886664661043,-0.3164081196302246
-0.3640002156563219,-0.3621033602892132
2.0640456838937475,2.1250493920190956
-0.3575048536656567,-0.34821092345603666
-0.34652948903716113,-0.3489430583665831
-0.26067774794315135,-0.05589012020065278
-0.3476206071581227,-0.349239398560171
-0.3571454265199282,-0.3562308128008867
0.3571678880513253,1.1054984477904586
-0.34251160701526745,-0.33366483198774805
-0.33724856666709996,-0.34286183453762287
-0.34982851676759785,-0.34313713861567263
-0.3528130457455221,-0.3412957163280025
-0.31221703330386447,-0.29311123408873324
0.16559001020708547,0.05034698074728173
0.11691330532842448,0.13827417559436175
-0.3521904665823852,-0.3523681690747912
1.0169573882839413,1.270145464773004
-0.3477746473634349,-0.34763682416862723
-0.317531420387136,-0.28525231675843393
-0.35544456591960577,-0.35632066958731906
-0.31683823946323103,-0.3167942738212995
16.47927250970364,14.632789723161167
-0.16289430927933257,-0.12025795943765918
1.6969967571732265,1.013871556476552
-0.19951094975042455,-0.19956208254079974
-0.3008180581107603,-0.31512945221067695
-0.355572932757366,-0.3556679242173097
1.0098330287882515,0.9775741536337322
-0.29283364080207697,-0.28525088332874493
-0.25997173033547033,-0.2689333936827855
-0.36401305234009795,-0.36380976205803195
-0.34393968808534947,-0.3101700208282857
-0.22877858875974608,-0.21356396280040235
-0.35773591397362503,-0.35742376861313885
0.016113245977241415,0.07089844728926789
0.2986294008617383,0.5439636305105932
-0.3342319459797357,-0.33235217409928536
-0.20708459317827527,-0.19101706585714398
-0.3240107365230812,-0.2768783488860935
2.6095886985198016,2.1165937240031427
-0.346394703857513,-0.32546482257504655
-0.30228144006122637,-0.3023291497359267
-0.33925108933615883,-0.33898374400204967
-0.28604945342645133,-0.1708959170470394
-0.12388683645495724,-0.11918148583343871
0.6414843878354087,0.6488459585500423
0.11637416460983169,0.1013646260682832
-0.3074032768878576,-0.3096801836726293
0.016248031156889612,0.015360952124547834
2.019476717823412,2.0815495607139005
-0.11768992736208445,-0.1093643965765266
-0.3489459947579966,-0.3530661423606396
-0.17823093722073036,-0.19105209930661624
-0.3515743057611363,-0.3535611462815155
-0.3126663172360251,-0.31421089121137413
0.7132286134595746,0.16305487213368647
-0.2602926474298708,-0.24264926741392268
-0.32851962169940757,-0.32496625647442284
-0.3457977980619281,-0.35530378493891024
-0.30352018004561215,-0.2625782189761905
-0.3638397571091217,-0.3642348648871291
-0.25902181573604494,-0.28894229639050534
-0.2918580528350995,-0.1436072475314948
-0.2687006753031627,-0.19597262483992994
-0.295683384600353,-0.2997456066674568
-0.314720186640188,-0.31581574411428864
-0.30339823154973994,-0.3206096571566248
-0.30701817637457707,-0.30816669586649015
-0.3457977980619281,-0.34491677366543416
-0.3376336671803805,-0.3376422784557471
0.8121160069281309,1.0260638280297785
-0.363332708099969,-0.3634013629636982
0.7414821544505907,1.399040852987663
-0.2426101155284057,0.14498519119815526
1.9175470302999396,1.9062525671072406
0.9019471199927063,0.6183189948641786
-0.038818133071284545,-0.006210437081007236
-0.33081738809531486,-0.33143085321297117
-0.34803138103895526,-0.3480135166540323
-0.219561849808565,-0.21185023342459536
-0.06926674698799974,-0.051217139416722915
-0.34803138103895526,-0.3351883217099947
-0.35034198411863854,-0.35186254279809037
-0.3424089135450593,-0.34287912127177494
0.7766546679968805,0.951478480579939
-0.35008525044311817,-0.35059005303260865
-0.2052553657401927,-0.19033026048618107
-0.2372828917613581,-0.23566766253905824
-0.3540004389948037,-0.362817577328655
-0.24374616204258331,-0.23302616184333846
1.4894757180791718,1.48837535754589
-0.0881045804293065,-0.08191679073053292
-0.33083022477909085,-0.3298171964844337
-0.3634033098607371,-0.3627883792216834
-0.3282307963144472,-0.3282895776289048
-0.3650913337772835,-0.3625597471863973
1.1900279772941071,0.9774344049363579
0.013064533580437078,-0.11078334220665459
-0.3555280043641499,-0.3538575667043767
0.08700383213030197,0.13966799609030747
-0.253373674874597,-0.2576253877887076
0.7341652446982602,0.4335315087927219
-0.31433508612690747,-0.32322951734294586
-0.3370078788462997,-0.3459561706480141
-0.33093291824929905,-0.33550140842729226
0.12535342491115645,0.12203942104964777
0.329437441924182,0.3927171336627978
-0.09964154997300285,-0.052763264491362025
-0.20952356309571876,-0.20718647365851073
0.016235194473113577,0.08547582817426011
0.33374094016009215,0.3798955041076783
-0.34964880319473357,-0.35017510722955086
0.0008311739418917287,0.0770274556735837
0.08843191320038406,-0.005846415472210557
-0.06950743480880009,0.4137105383446544
-0.2405883378336828,-0.23440366637934357
0.01878969454454122,-0.04358805435164351
-0.3123710735091767,-0.1332987571829527
2.522045724338301,2.5963340555292085
-0.07528394250800828,-0.06354910618114101
-0.3608295547636454,-0.35992252538526787
-0.2809468716254841,-0.3059500359175744
-0.21540276426513513,-0.17162019483739163
-0.18269489400384067,-0.1479766065129651
-0.35958439643737167,-0.35942420532108277
-0.3651298438286115,-0.36526897208627057
-0.19822728137282272,-0.19845743241569017
0.057768284830420534,0.07267634938671948
-0.19065363794497198,-0.17833439019472871
-0.3483202064239157,-0.3492513473733192
0.05471957243361615,-0.0448654413119843
0.09054996602342706,0.04008268817070395
-0.32941818956372887,-0.296607829079719
-0.3275729162709262,-0.30362577246690603
-0.04798994362924957,-0.06221018657712005
-0.2970216088840029,-0.29728353071921626
-0.34803138103895526,-0.34789060540687716
0.49759158104813267,0.5390756502495463
0.08936578194508937,0.25610537735172334
1.0968496989349348,0.7724398466422189
-0.36181797941439886,-0.3600196669897426
0.8891040178748002,0.8155124329967172
0.5073731340854584,0.5866455398824331
-0.3648217634179871,-0.3616809424664714
-0.22639096557740668,-0.22732847138251525
-0.3473382001150503,-0.34482982652732475
0.13822220039661468,-0.0557969365736754
-0.35217121155672115,-0.3530224067092898
-0.17627655211583157,-0.09737838913710851
-0.17689271293708045,-0.17627569633691334
-0.34849350165489196,-0.3468603759559619
-0.3553868008426137,-0.35590354154801757
1.6969967571732265,1.5490347430234233
-0.3225280995469511,-0.3219735548078271
-0.3313436921301316,-0.33641758394286014
-0.1725025670856822,-0.04557068337002062
0.04189572534137397,-0.11681479714289104
-0.29054871108994573,-0.2735329165438071
-0.26780531660978546,0.05402603850090736
-0.2479052475860132,-0.1344697194770012
-0.3432561346742765,-0.3435989169200422
0.2973585691679124,0.40312803507450407
-0.34523940231767136,-0.348727557189075
-0.24443934296648834,-0.2438837819898982
0.04819853707539896,0.07521997464754164
4.12394832943139,3.5990779382477043
0.9735565604372238,1.3524477895268765
-0.2838158704494242,-0.2874101205122362
0.8710042937506143,0.42807365358295174
-0.36498543113613136,-0.3594406148818437
1.1809620693772942,0.6019637739257061
-0.28624681743950764,-0.2780616771855139
0.13515423297414636,-0.027440659323505236
1.2648080786313014,1.4859960033273505
-0.33031675742805017,-0.31647188050826375
-0.3516769992313445,-0.3515968127466906
-0.13324156975673052,-0.12727053281213305
0.14961475724783088,0.18462532533105017
-0.2797723150599784,-0.1294943920012002
-0.34146862645846593,-0.3405184444281284
-0.3044893496707015,-0.301348341517547
-0.34004054538838396,-0.33965822615658964
0.23568472196603296,0.21955682211651772
0.280869848857617,-0.20418111716116036
-0.1671304149254186,-0.15159862660167928
0.2006405752575032,-0.03961724872805106
-0.3178395007977604,-0.21658057279053083
-0.3438915505211894,-0.3425006958340577
-0.3307275313088827,-0.3296515176858312
-0.23968976996936153,-0.21494160640048174
-0.21479623095671824,-0.14129372998973252
-0.26359167516030746,-0.2578054115814296
-0.3577744240249531,-0.35936322037591134
-0.2110511284650649,-0.27816640313065255
1.2945250015727834,0.6385316456956842
-0.24052415441480277,-0.244355423146302
-0.34587963192100024,-0.3473346753756288
0.5452092595152721,0.5267252906567244
-0.35288364750629014,-0.34134952342749747
-0.34190828287779457,-0.32356071983022205
0.04457859225056177,0.28722180369603145
-0.2733218814625293,-0.26870681551690206
-0.18445993802304317,-0.17983023825791142
-0.2629723051681146,-0.19577190189461877
-0.35209419145406506,-0.3534165410387777
-0.3537565420030594,-0.3532860775426682
-0.35344204325054696,-0.3289002721623127
-0.10208051989044628,-0.21772305904106967
-0.31356488510034636,-0.31153652860518866
-0.3481597478767155,-0.35171884682045473
-0.21601892508638398,-0.16029110469021152
-0.32777509404039856,-0.32776965984426715
0.3448414624554038,0.46370481114332185
0.8056334816212417,1.0823006336349057
-0.268187207952122,-0.2192399271739357
-0.34964880319473357,-0.34948650472285975
-0.26590869658187877,-0.26621849924757635
-0.13324156975673052,-0.13008096426634486
-0.017127346660757766,-0.022640242361388965
-0.3449505769327109,-0.347808910611881
-0.11971491422775132,-0.023244176241341185
-0.3612660020120301,-0.3579941987484347
-0.3408588839791051,-0.33882962356746493
-0.3467220392938014,-0.34353584601375586
-0.35010129629783826,-0.3467886402881263
-0.34803138103895526,-0.3502705800651336
-0.28577988306715496,-0.3054048940493169
0.08501414614501913,-0.27096231713147695
0.9147132020079562,1.4984195009957109
-0.3074674603067377,-0.28230042504901015
-0.32072133630547656,-0.24316674729836676
-0.09582905489152543,0.12501170704042047
-0.3560414717151907,-0.3557447731641805
-0.1796750641455324,-0.14180440803636113
-0.31683823946323103,-0.31404797229978404
-0.22895830233261033,-0.26302443280148147
0.6002144494955102,0.4943288308557709
-0.3594560295996115,-0.3275721460698999
-0.14310977040954453,-0.0326684629747075
-0.12454471649847816,-0.11277792752624523
-0.3152336539912287,-0.3131233566646342
-0.09851192180071323,0.24996632426235274
-0.33250220284091725,-0.3325644821517051
-0.27269127937203236,-0.26592014262491276
1.9948880500504491,1.859987543495765
-0.2164072347706085,-0.18555898814485486
0.8455234764552183,0.031913631211757346
-0.3672478966516545,-0.3670536669288877
-0.28705713310286873,-0.286313782139873
-0.24047280767969864,-0.19396742786175095
-0.3486732152277562,-0.3502285399257682
-0.3498798635027019,-0.3485069373839107
-0.038818133071284545,0.26628353150127004
-0.1022088867282065,0.02001729870575126
3.489726294109658,2.1733659476885716
-0.2933471081531177,-0.2538909825335339
-0.3127561740224572,-0.31506904491627435
0.22413812490950455,0.09014919405870335
-0.36091941155007756,-0.3531503724006827
-0.31693451459155114,-0.31544139432366963
-0.3340137223555434,-0.3356778700402653
1.2579532894949073,1.4982725931728196
-0.3355027776735615,-0.32835404987316996
-0.3389044988742063,-0.3398116352249483
0.1471565323047233,0.10628120432133618
-0.2946949599495996,-0.24490439462522048
22.09530561585689,18.061734545565912
-0.3412022652701136,-0.3400908223998403
-0.22446225384005994,-0.25299584848212264
-0.029989703804328,-0.054092192876510646
-0.325952284944204,-0.3248573158181096
0.6836208023301885,0.810817918675754
-0.35627253202315895,-0.355651835573643
0.42541411734652623,0.5499499013896627
-0.032987069466028245,-0.03749084671193548
0.13557784353875488,0.12683657749408467
-0.35746634361432866,-0.357348460068319
-0.34889785719383654,-0.3488881120114024
-0.13147652573752802,-0.13629563077177487
-0.24051131773102669,-0.23934602497231283
0.17534588987685937,-0.14773877485430512
-0.36394886892121786,-0.3629713875433823
-0.29445427212879927,-0.29556790793255094
-0.10362092194356849,-0.28368826311545436
0.015471411788440494,0.024668146907403887
0.026517378177704144,0.1066017898014055
0.07529677652657336,0.1144127193288562
-0.2405883378336828,-0.24531175608761535
-0.13057795787320675,-0.07748697417764844
-0.3276980739377424,-0.3308971145988007
0.24726982907388936,0.2271767551609264
-0.3536153384815232,-0.34167587471802996
-0.3272359533218058,-0.32671847450708513
-0.24001068706376202,-0.24525720018156752
-0.34004054538838396,-0.33936116389953846
0.3638076627344708,0.33302552235585375
-0.3384038682069416,-0.31627987581068395
-0.360508637669245,-0.3602060716840258
0.03883096708984963,0.16623577456056948
-0.07846102174257277,-0.09503371535923616
-0.01597846346280412,-0.05333972786803343
-0.3121207581755443,-0.29421523168241676
-0.11992351033911161,-0.13471222582800313
0.18854360538407805,0.6650941194063754
-0.3603545974639328,-0.36040294897282293
-0.3484485732616759,-0.3492180789678667
-0.3416932684245463,-0.3036902661056445
-0.30467548158545377,-0.3095228915074268
1.8180627310357984,-0.21209290558276214
-0.3420494863993308,-0.34308985683043114
-0.14901464494651287,-0.17187597645886485
-0.33712019982933983,-0.30849040493961283
-0.3636279518268174,-0.3632464616308485
2.3159399296305527,0.3090765626959416
-0.350630809503599,-0.35063268151998134
-0.3065368007329764,-0.30177173813742614
-0.3352267889723771,-0.3326989785059674
-0.0967404594396227,-0.1935572102372155
-0.33519469726293705,-0.3466310379030651
-0.1282192172293634,0.004977176765106574
0.4141852282134542,0.42310265848792417
-0.2495226697417915,-0.2589398321156617
-0.3032313546606517,-0.3123578089359416
-0.35828468220504983,-0.3589847628464842
-0.3586088084703943,-0.3563290776151927
-0.30013450469968733,-0.30242045064928436
-0.2647726500677011,-0.2544029201797582
-0.1326831740124737,-0.05059472071213331
1.4025874147702488,2.2234528211148277
0.5090996680533328,0.40736747611892593
-0.343615561820005,-0.339779254690123
-0.350650064529263,-0.32849565988969226
-0.3268187610990852,-0.3500187992101043
-0.3273322284501259,-0.3215636367059135
-0.36258497127001593,-0.3613145353739404
0.7543509299360489,0.8051898030409963
0.4413283960578447,0.31408374654198057
-0.29183237946754753,-0.3223485517812521
-0.3128909592021054,-0.311982442907858
-0.3661952885820211,-0.36440245849106134
-0.3594046828645074,-0.35804347021966265
-0.3650271503584034,-0.3644325712117522
-0.0881045804293065,-0.20401441142785542
-0.3213310787848374,-0.31975970823210587
-0.3621517331925753,-0.35011140518631173
1.2945250015727834,0.637086197662177
-0.24148690569800407,-0.2588645342680795
0.5679301897988243,0.7522220515096888
-0.08917002518271598,-0.08929482449211013
5.0225033570688895,4.5302841835820935
3.6104809783906613,2.7076027909966
0.016225566960281563,-0.2231440119941547
-0.3546743648930447,-0.3546236599921289
-0.24665367091785145,-0.13051123920928076
-0.23206477980640675,-0.22175313591255
-0.21101261841373686,-0.1503117811448431
-0.32713325985159764,-0.17301907245188305
4.444849377977125,4.956072299043038
-0.16026278910524888,-0.06167411596539697
-0.03191199719978674,-0.023413363733509114
0.3469274235690068,0.23107205220137725
-0.05571441809146852,0.1639828424221969
-0.13757395053113666,-0.13718660359819532
-0.32713325985159764,-0.3010194442847333
-0.13680374950457558,-0.13197740244123182
0.10441358450152671,0.14099420737739055
-0.3560029616638626,-0.3300264451272191
0.8121160069281309,1.0113832295099907
-0.356984967972728,-0.3562680659269293
-0.24148690569800407,-0.1832273168579242
-0.3240267823778012,-0.32567334380575114
-0.1202765191429521,-0.10472507999579898
-0.3559259415612065,-0.3546838854335114
0.18990268927886403,0.2650082326414898
-0.30162676918864945,-0.30558680055565973
-0.029989703804328,-0.05391591311655651
-0.3387408311560621,-0.3355556755079552
-0.36667024588173375,-0.36350694468775546
0.013064533580437078,-0.12677286527937348
-0.27844371828916054,-0.29989610073887546
-0.34231905675862717,-0.3429710747165567
-0.20709742986205132,-0.19210385159733098
-0.31750574701958395,-0.3071283472130844
-0.23234718684947916,-0.2325717004487221
-0.349249261412205,-0.34803482554910137
-0.2379889093690391,-0.24516129945652432
0.39486601913054686,0.2919650813694894
-0.3183786415163532,-0.21146801046792782
-0.3521904665823852,-0.35243423520729183
0.018584307604124908,0.03363369335156129
-0.35534829079128566,-0.3544961489332884
6.312747325934976,4.124736705062725
-0.35676032600664764,-0.3560158090448748
-0.3410032966715853,-0.340479987862983
-0.32229383006803874,-0.3143894066937532
-0.35729946672524043,-0.3576252831539476
-0.30451502303825356,-0.30394165116292454
0.2870378754119939,0.19102095698601232
-0.2149791537005265,-0.16460677103261706
-0.3396554448751034,-0.33774728787765346
-0.2807350663431798,-0.2774756183877193
-0.35383356210571554,-0.3519433176307505
-0.12937130959826101,-0.3371881593726971
-0.34032937077334435,-0.3044842149971912
-0.3192932552353945,-0.3203869406931116
0.009775133362832393,0.05992292220222532
-0.2975832137992037,-0.29725534350109123
-0.31640500138579036,-0.31341744508994246
0.3299765826427748,0.30645132714829026
0.21354144245240153,0.1738115306926251
-0.1537963096530797,-0.14802281857455896
-0.31052259104543006,-0.2912023443305839
-0.29854596508240505,-0.2937381884215906
1.2627028624920342,1.4053975146101305
-0.3342319459797357,-0.3329938478295387
0.887467340693358,1.1096083142791215
-0.3481276561672754,-0.34777999598167386
0.06436313112034991,0.44048921390184215
-0.20849662839363728,-0.2911445685563554
-0.0702968908610252,-0.04739481357492048
-0.3590324190350029,-0.35936800204061714
-0.2970216088840029,-0.29733033112881624
-0.21623073036868828,-0.20061047589925948
-0.3604605001050849,-0.3604308634114179
1.3728223542646067,1.3272902411133178
-0.35554084104792594,-0.353699728980114
-0.3355541244086656,-0.3355704269970596
-0.16858737853399666,-0.18609243258502176
0.21648746137899774,0.4087777858700419
-0.3593918461807314,-0.36008627868130366
-0.3272359533218058,-0.32719706886719985
-0.3512565978376799,-0.3511795777350224
-0.35724491081919235,-0.35708469295981377
-0.1763728272441517,-0.024568440631384646
-0.2666468058989998,-0.2094799718570628
-0.36133018543091017,-0.3535480528640642
-0.3569207845538479,-0.3559415595264679
-0.3447965367273987,-0.3437510637144971
-0.2932187413153575,-0.2661809198558222
-0.1442971636588262,-0.12301455170066741
-0.303455996626732,-0.28548123761910627
2.7119387874369387,2.2857816975467093
-0.18224561007168005,-0.17955493417986212
-0.2960428117460815,-0.2959286187466568
0.12213542874705581,0.07996791203721039
-0.3227302773164234,-0.3502249135626017
-0.3366709158971792,-0.33629410574217017
-0.361965601277823,-0.361783523615696
0.4038902078250876,0.5633975674547487
0.06880141453590814,0.2022987458613426
0.5779716856826146,1.1087230270338881
-0.12505818384951892,-0.10952035693578696
1.0752198867723444,-0.07869652140368033
-0.10785702758965451,-0.11053952544418391
-0.3280318277159189,-0.31101831168115057
-0.351343245453168,-0.35086208375629657
0.7622454904583,0.8065054705969421
-0.3472804350380582,-0.3457295336473305
-0.05571441809146852,0.011333217947856071
1.2754175977721802,0.3774925239726473
-0.1042627561323694,-0.09865542522809252
-0.33850014333526174,-0.3385903745249717
-0.33569211875925775,-0.3237132463765719
-0.2888414321477353,-0.289186567785526
-0.07643924404784992,0.13863723177756632
0.07011075628106206,-0.05190603288824675
-0.357697403922297,-0.35663698687003353
-0.35958439643737167,-0.3603567583057013
0.38840916719120966,0.12840013692473903
-0.3529895501474423,-0.3536465744120442
-0.3453677691554315,-0.34606801025541284
-0.11951915480016702,-0.03619113675850819
-0.3367094259485072,-0.34183255714075245
-0.32649784400468473,-0.3269120410011913
-0.3389430089255344,-0.26356953188079396
-0.26504222042699754,-0.26230244421973586
-0.2930775377938213,-0.29711903931386285
-0.28015099723137094,-0.2725515948580768
2.0379711699737104,1.670688080746644
-0.35396192894347567,-0.35454915374004625
-0.33344569909845456,-0.33359679756373495
0.7828162762093693,0.6967485766309902
0.2858536913336561,0.32345193696724533
-0.3673858910022468,-0.3670441356911839
-0.3438722954955254,-0.3438536823040508
-0.3213310787848374,-0.3197754331697315
-0.35842909489753005,-0.35843358773685235
-0.35871792028249044,-0.35854023918455774
-0.25653791742538545,-0.25123056912371766
-0.2655171777267102,-0.2563178859682282
-0.360508637669245,-0.36019611790548084
0.09704211884314826,0.18754847891466986
-0.2922174799808281,-0.30302438452923647
-0.22223188003397676,-0.22905496256144375
-0.33355802008149477,-0.3357607950174592
-0.3201501038774437,-0.1595314885791471
-0.3599309868993241,-0.28206555652485427
0.3459197438925894,0.45481411433253943
-0.3213310787848374,-0.32335799115307023
0.0033086539106632162,0.4237444894675546
-0.2566181466989856,-0.2616623215887718
-0.30159467747920937,-0.3034849326514108
-0.3132279221512259,-0.32230292271904676
0.4663021643440883,0.3173291821873756
-0.35448181463640444,-0.35477107860806034
-0.361240328644478,-0.32307362651572247
-0.16381855051120592,-0.044644521984198986
-0.2569679463318821,-0.22350484047786215
-0.2750933438236198,-0.2594118583725793
-0.1349360120151649,-0.0024270919689378615
-0.355553677731702,-0.35478918902942075
-0.27427821440384265,-0.265236065049252
-0.29000957037135294,-0.29032540627842535
-0.34822393129559553,-0.3496225949653581
-0.3370560164104597,-0.2899765693968125
0.2780907068201091,-0.026832917227366106
-0.3642312759642903,-0.36403340918112015
1.7692769143450413,2.4092005119923408
2.8402799518295687,3.7520676000569257
-0.35279699989080204,-0.3021243190518082
-0.33651687569186695,-0.33932552070758637
-0.07519729489252015,0.008080947838073525
0.3499761359658112,0.6048276862136999
0.17820847035891144,0.017239247786364306
-0.20621811702339407,-0.29602760562442554
-0.34652307069527316,-0.3491403635448386
